Model,CV AUC Mean,CV AUC Std,Accuracy,ROC-AUC,F1
Gradient Boosting,0.9035743255970103,0.003877623634522826,0.8200626959247649,0.8977211579380515,0.8675588371019843
XGBoost,0.88217528573255,0.004877025116873384,0.8156739811912226,0.8913325220779861,0.8703703703703703
LightGBM,0.88217528573255,0.004877025116873384,0.8156739811912226,0.8913325220779861,0.8703703703703703
Random Forest,0.8865930552993697,0.004403454383494542,0.8075235109717869,0.8867727277523185,0.8583294877711122
Extra Trees,0.8788819564201134,0.00550992825526847,0.8,0.8812659803821576,0.8515588645881805
