Model,CV R² Mean,CV R² Std,Test R²,RMSE,MAE
XGBoost,0.6758194233088964,0.01696132401034155,0.6963288452074499,21.21413761348436,16.057206935750784
LightGBM,0.6758194233088964,0.01696132401034155,0.6963288452074499,21.21413761348436,16.057206935750784
Random Forest,0.6824765619491707,0.01705201261263676,0.6524261713424939,22.695886199079396,16.687999504123677
Ridge,0.6456354645836879,0.015519383042625578,0.6240171695443564,23.605196375172877,18.15647510851214
Lasso,0.6438941975389456,0.015351582104051126,0.6223309654770979,23.658069335695735,18.162443381958226
ElasticNet,0.6213300981750343,0.015506240167982247,0.6013183225200335,24.30730160266072,18.081696340766985
Extra Trees,0.6320445448138299,0.02079360319653302,0.5954835928927193,24.484524928517306,17.82900215218917
