model,accuracy,precision,recall,f1,roc_auc
Logistic Regression,0.7725917978063901,0.9742458249324761,0.7864754475938949,0.8703483432455396,0.5634871216585773
XGBoost,0.968913924654268,0.9705320355884636,0.998280256733102,0.984210605991795,0.5216996487511942
Random Forest,0.9148485932284216,0.9699424159969626,0.9414365998218838,0.9554769436955539,0.5122703576518871
