cluster,customers,satisfaction_rate,avg_total_delay
0,14747,1.0,7.022174001491829
1,16727,1.0,7.5159323249835595
2,14132,1.0,47.88303141805831
3,19234,1.0,2.5720598939378183
4,24183,1.0,8.383161725178844
5,13512,1.0,8.339550029603316
6,2990,1.0,198.676254180602
7,24355,1.0,1.8941490453705605
