cluster,churn_proxy
0,1.0
6,1.0
4,0.8850123177308742
5,0.8646033129904097
2,0.834989299908285
1,0.6345121951219512
8,0.42162602453800335
7,0.29387101692331147
3,0.2323489010989011
