cluster,churn_proxy,cluster_str
2,1.0,2
6,1.0,6
4,0.8716040193524377,4
3,0.8595715919725486,3
1,0.8116817122018294,1
7,0.40082118661465815,7
5,0.290704558910598,5
0,0.235166474537194,0
