cluster,size,satisfaction_rate,avg_total_delay
0,49186,1.0,6.99182694262595
1,47233,1.0,8.210064996930113
2,26425,1.0,8.153982970671713
3,7036,1.0,136.99005116543492
