cluster,size,churn_proxy
3,7036,1.0
1,47233,0.22041792814345904
2,26425,0.20370860927152318
0,49186,0.1901557353718538
