model,accuracy,precision,recall,f1,roc_auc
XGBoost,0.9761606022584692,0.8956646021915198,0.959061344216299,0.9262794851265628,0.995516756101027
Random Forest,0.9651072474159049,0.8389179561393744,0.9611019002678229,0.8958630527817404,0.99497940495842
Logistic Regression,0.9279440759992831,0.6940181935128181,0.9632699910725673,0.8067720572527238,0.9800251349115716
