{
  "generated_at": "2026-05-15T09:10:07.418925Z",
  "best_model_name": "XGBoost",
  "target_column": "satisfaction",
  "class_names": [
    "Neutral or Dissatisfied",
    "Satisfied"
  ],
  "n_features": 30,
  "selected_features": [
    "num__online_boarding",
    "num__inflight_wifi_service",
    "cat__class_Business",
    "cat__type_of_travel_Business",
    "cat__type_of_travel_Personal",
    "num__inflight_entertainment",
    "num__seat_comfort",
    "num__ease_of_online_booking",
    "cat__class_Economy",
    "num__leg_room_service",
    "cat__customer_type_First-time",
    "num__flight_distance",
    "num__age",
    "num__age_distance_interaction",
    "num__onboard_service",
    "num__cleanliness",
    "num__checkin_service",
    "num__baggage_handling",
    "cat__customer_type_Returning",
    "num__inflight_service",
    "num__departure_and_arrival_time_convenience",
    "num__gate_location",
    "num__food_and_drink",
    "num__total_delay",
    "num__departure_delay",
    "cat__gender_Female",
    "cat__gender_Male",
    "cat__class_Economy Plus",
    "num__delay_flag",
    "num__arrival_delay"
  ],
  "metrics": {
    "accuracy": 0.9655451185709886,
    "balanced_acc": 0.9631927638681248,
    "precision": 0.9746916400182731,
    "recall": 0.9452418926103137,
    "f1": 0.9597409023435743,
    "mcc": 0.9299741187451345,
    "kappa": 0.9296398971307944,
    "roc_auc": 0.9953876541440583,
    "avg_prec": 0.9945490435601647,
    "log_loss": 0.0828504126708801,
    "cv_f1_mean": 0.9578140389360744,
    "cv_f1_std": 0.0011352980769853932
  },
  "all_models_ranked": [
    {
      "model": "XGBoost",
      "accuracy": 0.9655451185709886,
      "balanced_acc": 0.9631927638681248,
      "precision": 0.9746916400182731,
      "recall": 0.9452418926103137,
      "f1": 0.9597409023435743,
      "mcc": 0.9299741187451345,
      "kappa": 0.9296398971307944,
      "roc_auc": 0.9953876541440583,
      "avg_prec": 0.9945490435601647,
      "log_loss": 0.0828504126708801,
      "cv_f1_mean": 0.9578140389360744,
      "cv_f1_std": 0.0011352980769853932
    },
    {
      "model": "Random Forest",
      "accuracy": 0.9635817677856483,
      "balanced_acc": 0.9610873161408793,
      "precision": 0.9732698645184914,
      "recall": 0.9420520999468368,
      "f1": 0.9574065736154885,
      "mcc": 0.9259896692459721,
      "kappa": 0.9256144578009815,
      "roc_auc": 0.9943813922970887,
      "avg_prec": 0.9934031836744506,
      "log_loss": 0.10111734092161649,
      "cv_f1_mean": 0.9560368712181744,
      "cv_f1_std": 0.001164217456834423
    },
    {
      "model": "Logistic Regression",
      "accuracy": 0.8716122574684324,
      "balanced_acc": 0.8706368318152202,
      "precision": 0.8447064944073528,
      "recall": 0.8631933368775474,
      "f1": 0.853849861957141,
      "mcc": 0.7395365446190458,
      "kappa": 0.7393987839631107,
      "roc_auc": 0.9298197119342904,
      "avg_prec": 0.9329816116549254,
      "log_loss": 0.33135449881081264,
      "cv_f1_mean": 0.8493586212664761,
      "cv_f1_std": 0.0027384690585896027
    }
  ],
  "training_rows": 103904,
  "test_rows": 25976,
  "gbm_backend": "xgboost"
}